ARS-ID,정류소명,x,y
"15101",홍익병원목동관,126.8639640873,37.5307245731
"15111",목동사거리,126.8637595011,37.5332661002
"15112",영도중.강서고입구.기아양서대리점,126.8635380336,37.5361734104
"15113",목동시장.대일고교.배광교회,126.8637601339,37.5390095791
"15126",목동성원아파트,126.8630984034,37.5422675791
"15127",목3동주민센터.현대아이파크.실로암안과,126.8623019635,37.5448521050
"15128",등촌역6번출구.목동깨비시장,126.8638419921,37.5497135800
"15336",가로공원공영주차장.신영시장,126.8328195049,37.5364559337
"15340",하나은행신월동지점,126.8379161316,37.5306219754
"15341",가로공원공영주차장,126.8331268551,37.5366802273
"15345",신화중학교,126.8314903834,37.5395653695
"15352",신화중학교,126.8304849232,37.5394068899
"15371",신월동기점,126.8385897841,37.5295000401
"15377",신월동기점,126.8384549032,37.5298339031
"15501",강서보건소.9호선등촌역,126.8681261260,37.5491247701
"15503",목2동주민센터,126.8715250749,37.5464704813
"15574",목2동주민센터,126.8713543888,37.5467518782
"15576",양동중학교,126.8687643465,37.5475391052
"15577",수명산입구,126.8288724263,37.5434138114
"15579",거산아파트,126.8320254327,37.5402194737
"15594",롯데캐슬아파트.목3동시장,126.8670440935,37.5480952747
"15703",대일고등학교,126.8637964402,37.5394132873
"15992",강서양천교육지원청,126.8305162800,37.5412331159
"15995",거산아파트,126.8321183977,37.5402954897
"16001",염창역.서울도시가스,126.8758830873,37.5470744947
"16002",염창역.서울도시가스,126.8750130449,37.5468602043
"16003",등촌역.강서보건소,126.8686699253,37.5490242677
"16004",등촌역.강서보건소,126.8676078457,37.5494195429
"16005",등촌중학교.백석초등학교,126.8615416047,37.5526096674
"16006",등촌중학교.백석초등학교,126.8605239274,37.5528647439
"16007",강서구청사거리.서울디지털대학교,126.8558137200,37.5548128892
"16008",강서구청사거리.서울디지털대학교,126.8540847072,37.5552359372
"16009",KBS스포츠월드,126.8505022032,37.5566705932
"16010",KBS스포츠월드,126.8492421796,37.5569272986
"16011",한국가스기술공사,126.8455031631,37.5579123170
"16012",한국가스기술공사,126.8432178057,37.5579645783
"16013",발산역,126.8391667893,37.5585387890
"16014",송정역,126.8095940066,37.5613581193
"16015",송정역,126.8110771523,37.5613801995
"16016","공항중학교.마곡엠밸리9,10단지",126.8157967185,37.5607019046
"16017",발산역,126.8375898496,37.5584515219
"16018",마곡역,126.8276151584,37.5597184565
"16019",마곡역,126.8260564199,37.5596898034
"16020","공항중학교.마곡엠밸리9,10단지",126.8173324053,37.5607186649
"16021",마곡동로사거리,126.8345811138,37.5590079172
"16022",마곡동로사거리,126.8318079050,37.5591180535
"16023",강서세무서,126.8212789460,37.5601556934
"16024",강서세무서,126.8227016254,37.5601981197
"16100",화원중학교,126.8408714246,37.5378616667
"16102",서울식물원.식물문화센터,126.8350289130,37.5683519338
"16103",백석초등학교.한국임업진흥원,126.8615808126,37.5525932635
"16104",등촌중학교.한국임업진흥원,126.8601340264,37.5530390883
"16105",강서대학교.강서LG베스트샵,126.8558537649,37.5547986803
"16106",하이웨이주유소.강서대학교,126.8559523416,37.5545749338
"16107",서울식물원.숲문화학교,126.8342313688,37.5663166583
"16108",LG사이언스파크,126.8335086691,37.5618826945
"16109",등촌주공5단지아파트,126.8438905776,37.5580713999
"16111",발산역4번출구,126.8392642897,37.5585281183
"16112",발산역5번출구,126.8395015760,37.5583254762
"16115",공항중학교,126.8147057198,37.5610074386
"16116",송정역,126.8103377755,37.5612805160
"16117",송정역,126.8090027511,37.5615936443
"16118",공항시장,126.8088619145,37.5623131990
"16119",공항시장,126.8091212464,37.5625721319
"16120",공항시장역3번출구,126.8108737845,37.5638624859
"16121",공항시장역.공항성산교회,126.8114501810,37.5647148358
"16122",방화주유소,126.8125318724,37.5661930106
"16123",방화2동청성아파트앞,126.8117143069,37.5669782488
"16124",방신전통시장,126.8127727917,37.5700934024
"16125",방화2동우촌연립,126.8115768027,37.5700269160
"16126",국민은행방화동지점,126.8115117940,37.5727143198
"16127",국민은행방화동지점,126.8114163875,37.5726610226
"16128",한서고등학교.보람아파트,126.8116680209,37.5747910062
"16129",한서고등학교.보람아파트,126.8115175705,37.5748095382
"16130",방화역2번출구,126.8125546112,37.5767083905
"16131",방화역,126.8125007679,37.5768789401
"16132",방화3동주민센터.국립국어원,126.8134409839,37.5791018367
"16133",방화도시7단지.국립국어원,126.8133013290,37.5790435548
"16134",가양3동도시개발8단지아파트.가양역,126.8557614142,37.5619187385
"16135",가양역.마포중고등학교,126.8541856414,37.5589344601
"16136",가양역.마포중고등학교,126.8543099725,37.5595228711
"16137",경복비즈니스고등학교,126.8533902141,37.5575484174
"16138",경복비즈니스고등학교,126.8532297113,37.5576276830
"16139",강서구청.한국건강관리협회,126.8505881946,37.5526257615
"16140",강서구청.한국건강관리협회,126.8503443457,37.5525725852
"16141",우장초등학교,126.8483264871,37.5502733042
"16142",우장초등학교,126.8477252419,37.5493975234
"16143",한국폴리텍1.서울강서대학교,126.8451914931,37.5461171100
"16144",한국폴리텍1.서울강서대학교,126.8448092804,37.5458122420
"16145",화곡본동시장,126.8426904149,37.5431449657
"16146",화곡본동시장,126.8431193207,37.5434167056
"16147",화곡역,126.8388108392,37.5411257741
"16148",화곡역,126.8371334620,37.5408147087
"16149",강서구청소년상담복지센터,126.8353977966,37.5402297244
"16150",화곡푸르지오,126.8344938154,37.5401161326
"16151",외발산신광명마을,126.8214198225,37.5460396950
"16152",외발산신광명마을,126.8212110261,37.5460200694
"16153",강서면허시험장.메이필드호텔,126.8193552601,37.5495989129
"16154",강서면허시험장.메이필드호텔,126.8205151108,37.5475883349
"16155",강서농수산물도매시장,126.8198781931,37.5519070059
"16156",영인운수.차고지,126.8179302099,37.5452369482
"16157",대한항공.메이필드호텔,126.8165780526,37.5495125845
"16158",공항동송정중학교,126.8149741249,37.5528576374
"16159",공항동송정중학교,126.8150961155,37.5529974436
"16160",국립항공박물관.공항동천주교회,126.8118670520,37.5555519250
"16161",국립항공박물관.공항동천주교회,126.8119426473,37.5552703686
"16162",공항동지하도입구,126.8081451079,37.5590045354
"16163",영인운수.차고지,126.8181895712,37.5452281216
"16164",방화중학교,126.8060424728,37.5646471026
"16165",방화2동주민센터,126.8054753896,37.5671676430
"16166",방화동도시개발11단지,126.8043232293,37.5706597602
"16167",개화119안전센터,126.8024553835,37.5750990875
"16168",개화119안전센터,126.8020999506,37.5752853021
"16169",개화역1번출구.개화검문소,126.8000835715,37.5785305046
"16170",개화역1번출구.개화검문소,126.7998639850,37.5785277000
"16171",상사마을,126.7984674574,37.5820248675
"16172",상사마을,126.7983534326,37.5820345963
"16173",영일고등학교.강서도서관,126.8634737724,37.5489655525
"16174",아이파크아파트.백석중학교.실로암안과,126.8622495137,37.5451234975
"16175",등촌2동주민센터.등촌동대림아파트,126.8631180613,37.5419954614
"16176",대일고교.임광아파트.배광교회,126.8636965471,37.5397841398
"16177",용문사.시립화곡청소년센터,126.8634842455,37.5373158738
"16178",목동사거리,126.8636597954,37.5327706542
"16179",목동사거리,126.8637504143,37.5316406161
"16180",화곡동남부시장,126.8588601351,37.5318048524
"16181",성석교회,126.8575750867,37.5315910674
"16182",서울신정초등학교,126.8530902159,37.5310996229
"16183",서울신정초등학교,126.8524172200,37.5309455855
"16184",화곡8동주민센터,126.8498359358,37.5307814088
"16185",화곡8동주민센터.까치산시장,126.8488129880,37.5306537041
"16186",KT강서지사,126.8476193845,37.5300118349
"16187",KT강서지사,126.8478401990,37.5299379110
"16188",화곡동유림아파트,126.8444615999,37.5304491270
"16189",화곡동유림아파트,126.8442497004,37.5303689372
"16190",황외과앞,126.8377883280,37.5309438692
"16191",까치산역2번출구,126.8469324475,37.5315191780
"16192",까치산역4번출구,126.8463006453,37.5322785685
"16193",화곡동백구사,126.8427410358,37.5325958799
"16194",화곡동백구사,126.8407012902,37.5324102412
"16195",화곡대림아파트,126.8388282465,37.5331264151
"16196",화곡동대림아파트.화곡중앙시장,126.8383562921,37.5340309524
"16197",가로공원.나누리병원,126.8371715142,37.5367707531
"16198",가로공원.나누리병원,126.8369125049,37.5374456395
"16199",가로공원.나누리병원,126.8364181508,37.5369741905
"16200",가로공원.나누리병원,126.8363024922,37.5371348171
"16201",다운어린이공원.치유하는교회,126.8437952677,37.5325853987
"16202",화원중학교,126.8404358783,37.5378789634
"16203",신월초등학교,126.8389370488,37.5386865224
"16204",신월초등학교,126.8394834296,37.5389781080
"16205",화곡역.현대주유소,126.8410244737,37.5406883929
"16206",화곡역,126.8410405102,37.5409144485
"16207",화곡역1번출구,126.8396027420,37.5425496489
"16208",화곡역8번출구,126.8389672178,37.5429789034
"16209",대원시장,126.8381378493,37.5440071039
"16210",대원시장,126.8373694126,37.5445564822
"16211",화곡중고등학교,126.8362466076,37.5471788833
"16212",화곡중고등학교,126.8364222824,37.5471902493
"16213",우장산역,126.8364265781,37.5492408275
"16214",우장산역,126.8362491848,37.5498030116
"16215",명덕고등학교.서울스타병원,126.8365617813,37.5531477528
"16216",명덕고등학교.서울스타병원,126.8364332552,37.5532789758
"16217",발산역.우장산힐스테이트,126.8374796170,37.5560679651
"16218",발산역.우장산힐스테이트,126.8375357923,37.5567551755
"16219",발산역2번출구,126.8386069231,37.5600238517
"16220",발산역3번출구,126.8388363519,37.5601951719
"16221",서울호서전문학교.등촌주공3단지아파트,126.8395162715,37.5627419748
"16222",서울호서전문학교.등촌주공3단지아파트,126.8396842423,37.5627583789
"16223",서울강서우체국,126.8403633158,37.5648622129
"16224",서울강서우체국,126.8403940000,37.5654760000
"16225",양천향교역.휴먼빌아파트,126.8414685823,37.5689906973
"16226",양천향교입구,126.8415458070,37.5701952010
"16227",가양한강타운아파트,126.8433032432,37.5704494270
"16228",가양한강타운아파트,126.8438023093,37.5704872810
"16229",가양2단지성지아파트.동양고등학교,126.8464358440,37.5696006481
"16230",가양2단지성지아파트.동양고등학교,126.8476361110,37.5694660172
"16231",한보구암마을아파트,126.8487893153,37.5688641022
"16232",가양동천주교영등포공업고등학교,126.8496170754,37.5684584400
"16233",서울서진학교.우체국앞.허준박물관,126.8512313089,37.5668574998
"16234",탑산초등학교.허준박물관,126.8517341008,37.5666784742
"16235",가양도시개발4단지아파트,126.8531603674,37.5653815416
"16236",대림경동아파트,126.8531975563,37.5655709197
"16237",가양도시개발5단지아파트,126.8550610541,37.5642788368
"16238",가양2동강변아파트,126.8556338800,37.5641750745
"16239",가양3동도시개발6단지아파트,126.8578895318,37.5629298254
"16240",가양초등학교,126.8595876071,37.5617998425
"16241",강서구청별관,126.8594569425,37.5609394635
"16242",가양3동주민센터,126.8607307821,37.5613872729
"16243",가양3동도시개발9단지아파트,126.8632551936,37.5597998313
"16244",가양도시개발9단지.세현고등학교,126.8638214641,37.5596961839
"16245",염창동아3차아파트.나이아가라호텔,126.8776022983,37.5490564352
"16246",염창동아3차아파트,126.8777169888,37.5488934120
"16247",염창동새마을금고,126.8733040757,37.5502015293
"16248",염창동새마을금고,126.8728807746,37.5502568101
"16249",염창동한마음.관음삼성아파트,126.8696521378,37.5529893540
"16250",염창동관음삼성아파트,126.8694176447,37.5529809453
"16251",태영.삼성한사랑아파트,126.8655299774,37.5551220540
"16252",금호.한솔아파트,126.8654226456,37.5553981977
"16253",블루나인비지니스센터.이마트,126.8638111938,37.5563245552
"16254",블루나인비지니스센터.이마트,126.8638819807,37.5564662248
"16255",이마트.강서소방서,126.8617151725,37.5576032293
"16256",강서소방서.이마트.증미역,126.8618472460,37.5573766585
"16257",가양역.현대프린스텔,126.8564329524,37.5603165481
"16258",가양역.현대아파트,126.8565633389,37.5603875036
"16259",가양역.우성아파트,126.8540536427,37.5615467300
"16260",가양역.우성아파트,126.8533368738,37.5620959512
"16261",SBS공개홀,126.8507594114,37.5634401098
"16262",SBS공개홀,126.8499073780,37.5637280331
"16263",가양4.5단지상가앞,126.8526188131,37.5640889741
"16264",서울서진학교,126.8500667543,37.5660786816
"16265",등촌동대림아파트,126.8484744595,37.5644970850
"16266",강서한강자이아파트,126.8478593580,37.5650010710
"16267",가양동CJ주식회사,126.8447130330,37.5666574325
"16268",가양동CJ주식회사,126.8438190587,37.5669814546
"16269",양천초등학교.겸재정선미술관,126.8402988602,37.5690175691
"16270",양천초등학교.겸재정선미술관,126.8401001514,37.5689709346
"16271",겸재정선미술관.서울식물원,126.8382222972,37.5699787883
"16272",겸재정선미술관.서울식물원,126.8372140842,37.5706820215
"16273",마곡실내배드민턴장,126.8300647420,37.5726500360
"16274",마곡실내배드민턴장,126.8312059646,37.5727190345
"16275",서남물재생센터,126.8279033264,37.5729212841
"16276",서남물재생센터,126.8273036882,37.5727599538
"16277",서남환경공원.마곡청구아파트,126.8233252107,37.5732551494
"16278",서남환경공원.마곡청구아파트,126.8223399033,37.5731636451
"16279",방화동도시개발2단지아파트,126.8190701473,37.5732399378
"16280",방화동도시개발2단지아파트,126.8189421686,37.5733744252
"16283",방화동동부센트레빌아파트,126.8138665566,37.5733872956
"16284",방화동동부센트레빌아파트,126.8141952043,37.5734531055
"16285",방화사거리,126.8104761433,37.5731502632
"16286",방화사거리,126.8098923718,37.5731678891
"16287",개화산역,126.8060766199,37.5725186644
"16288",개화산역,126.8060894388,37.5726084539
"16291",등촌3동천주교회,126.8457257696,37.5598737042
"16292",등촌3동천주교회,126.8459318439,37.5600014489
"16293",등촌3동5단지아파트.등촌고등학교,126.8454863202,37.5616607856
"16294",등촌3동5단지아파트.등촌고등학교,126.8455711338,37.5617579634
"16295",등촌3동주공4단지아파트,126.8430663655,37.5624969962
"16296",등촌동부영아파트,126.8431050679,37.5626073253
"16297",등촌3동주공10단지아파트,126.8473221266,37.5620068390
"16298",등촌3동대림아파트,126.8473823577,37.5622911678
"16301",마곡13단지힐스테이트아파트,126.8178844144,37.5566726976
"16302",다솔마을.강서농수산물도매시장,126.8198598397,37.5548319923
"16303",강서공업고등학교,126.8166736017,37.5756174127
"16304",방화동도시개발1.2단지아파트,126.8168880824,37.5751326868
"16305",서울항공비즈니스고등학교,126.8167650193,37.5695180187
"16306",서울항공비즈니스고등학교,126.8165338805,37.5689573418
"16307",공항중학교,126.8164113958,37.5634467983
"16308",공항중학교.마곡엠밸리9단지,126.8166019600,37.5625730643
"16309",양천향교역,126.8408530625,37.5669812836
"16321",방신전통시장,126.8127047208,37.5700665252
"16322",방화주유소,126.8125856145,37.5666851049
"16326",제과점앞,126.8098897521,37.5604505635
"16327",공항동천주교회,126.8115926615,37.5574754799
"16328",강서한방병원,126.8390322230,37.5301185757
"16329",강서한방병원,126.8393326259,37.5300755925
"16330",강서한강자이아파트,126.8501010370,37.5663904051
"16332",강서구청별관,126.8599303664,37.5612766080
"16339",우장산동주민센터,126.8416545979,37.5479283301
"16340",문성유치원,126.8444517194,37.5468621438
"16341",우장산투웨니퍼스트오피스텔,126.8458177692,37.5471602948
"16342",가양7단지상가,126.8615689627,37.5607186992
"16344",등촌주공9단지,126.8505325745,37.5611521295
"16345",강서구민올림픽체육센터,126.8501413782,37.5598234828
"16346",등촌주공6단지,126.8489349790,37.5603199287
"16347",등현초등학교,126.8470218886,37.5611598223
"16348",가양7단지상가앞,126.8618951029,37.5607471891
"16350",우장산휴먼빌아파트,126.8434733563,37.5474322909
"16351",우장산동주민센터,126.8415087396,37.5479990852
"16352",양서1단지우장산아이파크이편한세상,126.8369118260,37.5480176180
"16361",우장산파크빌,126.8451161106,37.5466026951
"16364",강서힐스테이트아파트,126.8369627985,37.5479391113
"16366",등촌주공6단지앞,126.8488750074,37.5602047570
"16367",강서구민올림픽체육센터,126.8503283737,37.5599047633
"16368",등촌9단지SBS공개홀,126.8507957940,37.5617903895
"16369",가양4.5단지상가앞,126.8526928502,37.5638799427
"16373",삼정그린코아아파트,126.8117710939,37.5716275318
"16374",강서농협,126.8128207480,37.5679043769
"16375",강서농협,126.8127267340,37.5678978468
"16376",서울방화초등학교,126.8050822152,37.5681886875
"16378",공항동주민센터,126.8106239570,37.5587867250
"16379",천주교성당,126.8123311800,37.5560265616
"16385",마곡나루역4번출구.서울식물원,126.8280138696,37.5650334606
"16386",마곡나루역5번출구.서울식물원,126.8273168224,37.5650671182
"16387",마곡역교차로,126.8284496878,37.5594562610
"16388",이대서울병원,126.8345732722,37.5588296452
"16389",김포공항국내선,126.8040921416,37.5588100118
"16390",김포공항국내선,126.8046650292,37.5583164445
"16391",김포공항국제선,126.8013423185,37.5651725558
"16392",김포공항국제선,126.8010820104,37.5649592045
"16393",발산역7번출구,126.8378898672,37.5578714278
"16394",신방화역5번출구,126.8167099398,37.5674643759
"16395",마곡엠밸리6.7단지.마곡중학교,126.8219241388,37.5671764952
"16396",마곡나루역,126.8259403289,37.5668842307
"16397",마곡역,126.8271495821,37.5616053454
"16398",마곡역,126.8272359727,37.5615263845
"16399",마곡나루역1번출구.웰튼병원,126.8261995611,37.5669855824
"16400",마곡동로사거리,126.8299891796,37.5594720350
"16401",마곡엠밸리11.12단지,126.8214633365,37.5601845702
"16402",마곡13단지힐스테이트후문,126.8185612466,37.5565828040
"16403",공진초등학교,126.8216364382,37.5583928624
"16407",송정역,126.8122165775,37.5612684000
"16408",외발산동기점,126.8214964458,37.5452472613
"16410",한국공항공사,126.7986847129,37.5625331032
"16411",한국공항공사,126.7986490000,37.5625330000
"16412",이마트(가상),126.7984620000,37.5626740000
"16413",개화동상사마을종점,126.8017961457,37.5887025627
"16416",마곡수명산파크7단지,126.8230846772,37.5493491633
"16417",마곡수명산파크5단지6단지,126.8253111754,37.5515318119
"16418",마곡수명산파크2단지,126.8263353612,37.5549146299
"16419",마곡수명산파크2단지,126.8261836731,37.5546953583
"16420",마곡수명산파크3단지4단지,126.8252596407,37.5516687036
"16421",마곡수명산파크7단지,126.8227103526,37.5492327910
"16422",마곡역6번출구,126.8267578275,37.5595020162
"16423",마곡역,126.8254030000,37.5600180000
"16424",화곡2동주민센터,126.8552255484,37.5313619972
"16425",화곡2동주민센터,126.8547482072,37.5312394484
"16427",마곡엠밸리14단지아파트,126.8265216238,37.5574397063
"16428",마곡엠밸리15단지아파트,126.8266430864,37.5574466147
"16429",발산역9번출구,126.8366967210,37.5588944573
"16430",공항동주민센터,126.8106255262,37.5589282299
"16431",신방화사거리,126.8168526508,37.5728590627
"16432",신방화사거리,126.8166375674,37.5728601789
"16433",방화2동우촌연립,126.8116811028,37.5700234391
"16434",개화역광역환승센터,126.7984749196,37.5786642162
"16435",개화역광역환승센터,126.7979144555,37.5783721759
"16436",방화2동청성아파트,126.8118413828,37.5665626083
"16450",핑크힐병원,126.8755944161,37.5494009787
"16451",롯데몰.김포공항역,126.8031029793,37.5622467771
"16453",송정중학교정문,126.8163979286,37.5545312361
"16462",염창동주민센터,126.8710981793,37.5537435963
"16463",대통마트,126.8560357951,37.5350763262
"16464",강원슈퍼,126.8569194907,37.5356171468
"16465",화곡보람3차아파트,126.8582575659,37.5364713561
"16466",에이엔케슬,126.8591975383,37.5371542800
"16467",한광고,126.8585349451,37.5378264686
"16468",신정여상,126.8575264038,37.5372985371
"16469",명지해드는터아파트,126.8563680193,37.5365565809
"16470",동우아트빌,126.8559141102,37.5364910826
"16471",미주아파트,126.8549851503,37.5374434820
"16472",방송인아파트,126.8540696162,37.5370100262
"16473",곰달래약국,126.8580346098,37.5315192292
"16474",중앙하이츠빌라,126.8581762798,37.5307625821
"16475",곰달래아파트,126.8565082009,37.5296093306
"16476",삼성아파트,126.8541114972,37.5293006040
"16477",은창아파트,126.8518661662,37.5290193725
"16478",화곡전화국,126.8479529724,37.5294474068
"16479",까치산역4번출구,126.8461015292,37.5326149369
"16480",까치시장,126.8462731809,37.5337511430
"16481",화곡탑건진선미아파트,126.8468441517,37.5362569706
"16482",개나리슈퍼,126.8479616242,37.5366464490
"16483",빨래세탁소,126.8491793133,37.5370530205
"16484",공작세탁소,126.8545557499,37.5364959537
"16485",주영렉스빌,126.8550571477,37.5359903148
"16486",대통마트,126.8559552557,37.5348851187
"16487",국민약국,126.8578694267,37.5317564379
"16488",주영렉스빌,126.8550225030,37.5358544941
"16489",약수터,126.8516032670,37.5387779120
"16490",신광명마을,126.8240688466,37.5471069801
"16491",수명중고등학교,126.8241072611,37.5493106868
"16492",마곡.수명산파크4단지,126.8244352418,37.5506480922
"16493",방화중학교,126.8063961285,37.5642339176
"16494",한마음아파트,126.8679286347,37.5551482824
"16495",우성아파트앞,126.8708809995,37.5554953639
"16496",우성아파트,126.8709516991,37.5555640520
"16497",봉제산정상,126.8517395568,37.5366676926
"16498",생태공원,126.8184909971,37.5834038379
"16499",NC백화점앞,126.8400859231,37.5594448491
"16500",염창역1번출구.강서평생학습관,126.8737340006,37.5472979883
"16501",명지해드는터아파트,126.8563367994,37.5366801432
"16502",하이웨이주유소,126.8543132240,37.5544022778
"16503",서광아파트,126.8193990393,37.5788717784
"16504",마곡엠밸리7단지앞,126.8245059927,37.5655177522
"16505",대림아파트,126.8750952782,37.5483789122
"16506",하나마트,126.8532099938,37.5524467163
"16507",정곡초교,126.8186147442,37.5759927229
"16508",등명중학교,126.8429711835,37.5591549020
"16509",동아3차아파트,126.8760092215,37.5494219179
"16510",미주아파트,126.8550966270,37.5375016611
"16511",백연공원,126.8520856075,37.5506292899
"16512",방화4단지,126.8134260621,37.5769209109
"16513",등촌3동성당사거리,126.8458705238,37.5588646293
"16514",새마을금고,126.8732610433,37.5502185052
"16515",방송인아파트,126.8539316260,37.5369805368
"16516",강서대학교,126.8512354435,37.5494712906
"16517",방화3동주민센터,126.8136003115,37.5786297429
"16518",등촌6단지,126.8476512295,37.5595811304
"16519",관음삼성.보람더하임아파트,126.8703390953,37.5523918530
"16520",공작세탁소,126.8544401434,37.5364422471
"16521",골목시장,126.8502518598,37.5486075938
"16523",등촌9단지,126.8487360899,37.5614109573
"16524",염창중학교,126.8708858373,37.5533856093
"16525",대통마트,126.8559420149,37.5349950393
"16526",SK브로드밴드강서방송,126.8493050000,37.5477950000
"16527",정곡초교,126.8192242698,37.5758342814
"16528",강서세무서.공항초교,126.8206543687,37.5622522262
"16529",남부시장,126.8577380059,37.5325240357
"16530",수정빌딩,126.8477104030,37.5459801496
"16532",다솔마을,126.8165255014,37.5544315583
"16533",화곡유치원,126.8462664743,37.5443288873
"16534",마곡엠밸리14단지,126.8256176482,37.5579836715
"16535",등촌7단지아파트,126.8528632774,37.5613007240
"16536",삼천리아파트,126.8698683759,37.5561945982
"16537",화곡중앙하이츠빌라,126.8580631836,37.5307501767
"16538",본동시장,126.8442459937,37.5428076267
"16539",마곡엠밸리14단지,126.8248595994,37.5583989714
"16540",한서고등학교.보람아파트,126.8115225018,37.5748645164
"16541",한마음아파트,126.8677499892,37.5550724888
"16542",곰달래아파트,126.8572184612,37.5297763537
"16543",본동사무소,126.8479750657,37.5426498316
"16544",볏골어린이공원,126.8422378938,37.5412341626
"16545",방신시장.LG베스트샵,126.8125843271,37.5734042763
"16546",마곡엠밸리11.12단지상가,126.8211381551,37.5587795397
"16547",삼성아파트,126.8542188476,37.5293973909
"16548",거성빌라,126.8490727205,37.5421754821
"16549",마곡13단지힐스테이트상가,126.8198553768,37.5579626214
"16550",겸재정선미술관입구,126.8376528905,37.5718060175
"16551",한국건강관리협회,126.8511523244,37.5537733814
"16552",이마트.증미역,126.8625764720,37.5571431869
"16553",은창아파트,126.8518104450,37.5291018091
"16554",강서구립봉제산어르신복지센터,126.8502811948,37.5417689449
"16555",본동시장.새마을금고본점,126.8426414374,37.5428750603
"16556",금호APT,126.8371190447,37.5743395628
"16557",강서구청입구,126.8496150445,37.5532133507
"16558",등촌강변샤르망오피스텔,126.8571774507,37.5586060292
"16559",마곡13단지힐스테이트후문,126.8180003430,37.5566866986
"16560",대영마트,126.8510472508,37.5405713872
"16561",우체국,126.8458057586,37.5442300923
"16562",벽산아파트,126.8368242138,37.5755754600
"16563",우장산꿈에그린아파트,126.8478022070,37.5533190250
"16564",등촌현대아파트,126.8551124134,37.5565999363
"16565",까치산역1번출구,126.8463020787,37.5325935735
"16566",정은파크빌,126.8514106558,37.5400028700
"16567",화곡초교,126.8465633982,37.5435899051
"16568",벽산아파트,126.8367000793,37.5755747269
"16569",롯데3차APT,126.8465871321,37.5528590238
"16570",하이웨이주유소,126.8540324727,37.5555509154
"16571",까치시장,126.8460569941,37.5335823515
"16572",약수터,126.8514909997,37.5387720758
"16573",금호APT,126.8370017987,37.5743062244
"16574",강서구민회관,126.8442226561,37.5530448413
"16576",선교교회,126.8477999422,37.5343551077
"16577",겸재정선미술관입구,126.8374881509,37.5718522835
"16578",발산어린이집,126.8416575507,37.5543867243
"16579",화곡탑건진선미아파트,126.8468894239,37.5360178286
"16580",삼거리,126.8501983087,37.5374354654
"16581",롯데1차,126.8405870640,37.5545105596
"16583",개나리슈퍼,126.8480171771,37.5365401642
"16586",강서노인회관,126.8399883229,37.5545798739
"16588",빨래터세탁소,126.8492270308,37.5369837617
"16589",안골공원,126.8512562763,37.5359325283
"16591",우장산월드메르디앙아파트,126.8378879580,37.5548235700
"16592",방화동동부센트레빌아파트,126.8139740000,37.5733840000
"16593",삼거리,126.8502274379,37.5373435922
"16594",강남슈퍼,126.8510524927,37.5351948865
"16595",프라임마트,126.8179558738,37.5729063446
"16597",태창아파트,126.8507807505,37.5376479633
"16598",신정초교,126.8511994867,37.5325972086
"16599",정은파크빌,126.8515188365,37.5400330721
"16601",마곡한솔솔파크,126.8226147427,37.5702717321
"16602",가양역,126.8556211531,37.5608830457
"16603",길훈아파트,126.8225088992,37.5687303003
"16604",마곡중학교,126.8205046239,37.5688671431
"16605",김포공항국내선,126.8032830771,37.5594997181
"16606",마곡나루역,126.8278788621,37.5671596971
"16608",롯데R&D센터,126.8282833912,37.5698736840
"16609",마곡나루역,126.8277330000,37.5653880000
"16612",대한항공,126.8152082350,37.5500991745
"16613",LG사이언스파크,126.8341672174,37.5631816896
"16614",김포공항국내선,126.8037257233,37.5594925953
"16615",마곡엠밸리1단지,126.8190972189,37.5679344588
"16616",마곡나루역,126.8256803538,37.5668046466
"16617",마곡나루역5번출구,126.8273287125,37.5651464096
"16618",대한항공,126.8164510032,37.5498907319
"16619",서울식물원.숲문화학교,126.8345377923,37.5661329047
"16621",마곡역2번출구,126.8262177529,37.5599268698
"16622",강서세무서.공항초교,126.8208014089,37.5619131666
"16623",강서세무서,126.8222020528,37.5622730513
"16624",마곡엠밸리7단지입구,126.8246318308,37.5650204501
"16625",마곡엠밸리7단지,126.8239183391,37.5670953428
"16626",마곡역,126.8269377133,37.5617923790
"16627",마곡엠밸리3단지입구,126.8192790076,37.5679685289
"16628",마곡중학교정문,126.8208276070,37.5686461110
"16629",길훈아파트,126.8226411768,37.5688290086
"16630",마곡한솔솔파크,126.8227275268,37.5701403007
"16631",프라임마트,126.8183547349,37.5728862386
"16632",방화동동부센트레빌아파트,126.8137166146,37.5734672851
"16633",방신시장,126.8129135954,37.5734927260
"16634",한서고등학교.보람아파트,126.8116479087,37.5746083026
"16635",마곡역,126.8273134977,37.5624111292
"16636",동아1.2차아파트,126.8717999109,37.5546295582
"16637",약수터,126.8513960940,37.5381784353
"16638",동아1.2차아파트,126.8719746897,37.5546984877
"16639",화곡역,126.8388076510,37.5412537664
"16640",마곡우림필유아파트,126.8206261981,37.5720049486
"16641",마곡우림필유아파트,126.8202682597,37.5720478850
"16677",대영마트,126.8511545807,37.5406026134
"16700",롯데R&D센터,126.8284219808,37.5701052507
"16702",마곡엠밸리7단지.712동,126.8200374325,37.5673840052
"16703",신방화역4번출구.마곡중학교,126.8200374325,37.5673840052
"16704",신방화역7번출구,126.8164963599,37.5669218583
"16705",마곡엠밸리4단지,126.8250612136,37.5689242470
"16706",마곡엠밸리5단지,126.8166885314,37.5662307079
"16707",화곡중앙골목시장,126.8378260549,37.5347215487
"16718",송화시장,126.8352514418,37.5480160879
"16721",삼천리아파트,126.8698105995,37.5561175441
"16722",LG주유소,126.8577304042,37.5316102186
"16727",강서구립봉제산어르신복지센터,126.8504005852,37.5417810926
"16729",화곡중.고등학교,126.8331291791,37.5480104657
"16730",증미역,126.8636030465,37.5566186429
"16732",삼거리,126.8501122969,37.5371923689
"16734",남부시장,126.8578569692,37.5325414884
"16745",송정역,126.8093479117,37.5613839852
"16778",거성빌라,126.8490273115,37.5422800929
"16781",김포공항국내선,126.8030541601,37.5596830647
"16812",덕원여자고등학교.덕원예술고등학교,126.8322065733,37.5492613495
"16813",증미역,126.8635288133,37.5564706139
"16814",봉제산정상,126.8515825014,37.5366287123
"16817",김포공항국내선,126.8034636256,37.5593496981
"16818",성우빌딩,126.8575189403,37.5336142572
"16820",발산초등학교,126.8314463971,37.5507971604
"16829",김포공항국내선,126.8044190758,37.5585279751
"16836",로미오이발클럽,126.8530543539,37.5360637736
"16838",방화대교남단(가상),126.8160151661,37.5836383191
"16841",강서구의회,126.8622611177,37.5451603859
"16842",강서구의회,126.8627805088,37.5463736394
"16843",대일고등학교,126.8636260796,37.5390003665
"16844",목동사거리,126.8638252478,37.5306821134
"16848",김포공항국제선,126.8021859906,37.5658634019
"16849",강서면허시험장.메이필드호텔,126.8185106739,37.5501322426
"16851",염창역2번출구,126.8760190428,37.5470809036
"16855",태영송화아파트,126.8675614510,37.5539425244
"16857",김포공항국제선,126.8019653455,37.5656827259
"16858",대통마트,126.8561863243,37.5349274867
"16859",화곡초교,126.8467662936,37.5434280414
"16861",현대슈퍼,126.8308400457,37.5520209553
"16862",관음삼성.보람더하임아파트,126.8704330777,37.5521089259
"16863",청송평화아파트,126.8536681466,37.5354684438
"16864",아람마트,126.8549676478,37.5343920247
"16867",수명산파크1단지,126.8298348690,37.5534497221
"16868",새마을금고,126.8725152055,37.5504798823
"16869",성심사,126.8539643927,37.5335886411
"16870",성심사,126.8539054950,37.5336929405
"16873",마곡.수명산파크2단지,126.8278624985,37.5536376298
"16875",아람마트,126.8550384722,37.5342945348
"16876",현대빌라,126.8538518064,37.5344344101
"16878",화곡역7번출구,126.8386785947,37.5412170042
"16879",마곡.수명산파크3단지,126.8259429566,37.5531806531
"16881",가양대교남단(가상),126.8668514113,37.5606058825
"16882",청송평화아파트,126.8538141725,37.5351291729
"16883",가양대교남단(가상),126.8670494571,37.5608787143
"16885",마곡수명산파크3단지.4단지,126.8252959060,37.5517211006
"16887",화곡보람3차아파트,126.8583740499,37.5364035662
"16888",로미오이발클럽,126.8531232390,37.5361372142
"16890",푸르지오APT,126.8311233776,37.5418326361
"16891",염동초교.염창보람더하임아파트,126.8711461872,37.5514708877
"16892",에이엔케슬,126.8593269179,37.5371950813
"16893",염동초교.염창보람더하임아파트,126.8711768449,37.5516365340
"16894",화곡유치원,126.8463474751,37.5443341279
"16895",나이아가라.리버파크.골든서울호텔,126.8782528336,37.5487674271
"16896",한광고,126.8586449884,37.5378862837
"16897",수정빌딩,126.8475659026,37.5457197428
"16898",수명산파크7단지정문,126.8242493073,37.5479652557
"16899",신정여상,126.8574936785,37.5374197538
"16900",SK브로드밴드강서방송,126.8491581390,37.5476054811
"16902",나이아가라.리버파크.골든서울호텔,126.8783183640,37.5488867878
"16903",골목시장,126.8501963844,37.5484959790
"16905",서울자동차학원,126.8215935275,37.5469293910
"16907",강서대학교,126.8512660949,37.5494313021
"16908",백연공원,126.8524890310,37.5512167331
"16909",하나마트,126.8533338459,37.5525324446
"16910",강서구청후문,126.8502425476,37.5504766637
"16911",화곡보람2차아파트,126.8541556370,37.5540221105
"16912",강서아파트,126.8507024275,37.5515681545
"16913",개화동상사마을종점(가상),126.7984346270,37.5825707577
"16914",본동사무소,126.8479844071,37.5427389292
"16915",황제참치,126.8514690587,37.5527779972
"16917",청과시장2,126.8211934162,37.5518721091
"16918",콘티넨탈호텔,126.8522449981,37.5540890025
"16920",강서면허시험장,126.8209820117,37.5484026849
"16921",등촌역1번출구,126.8631067715,37.5519223410
"16922",발산역3번출구,126.8385499994,37.5592622462
"16923",수명산파크7단지상가,126.8222218772,37.5474076052
"16925",수명산파크7단지정문,126.8243304775,37.5478390571
"16927",수명중.고등학교,126.8240549045,37.5501512552
"16928",기업은행,126.8408119191,37.5662838187
"16929",마곡수명산파크5단지.6단지,126.8252648748,37.5514663210
"16930",김포공항국내선(11-2번홈),126.8028491701,37.5599442702
"16931",수명산파크상가,126.8260866870,37.5532925338
"16932",변전소,126.8379210000,37.5707280000
"16933",수명산파크5단지아파트,126.8282249557,37.5534854476
"16934",김포공항국내선(11-3번홈),126.8026139532,37.5600161723
"16935",수명산파크1단지아파트앞,126.8297658620,37.5533410528
"16936",방화대교(가상),126.8204635727,37.5835933540
"16937",현대슈퍼,126.8311582398,37.5511213282
"16938",방화대교(가상),126.8215423592,37.5841538750
"16939",발산초등학교,126.8318919283,37.5496448810
"16940",변전소,126.8378030000,37.5707540000
"16941",화곡중.고등학교,126.8331235890,37.5479190193
"16942",마곡철교(가상),126.8369268953,37.5775736873
"16943",송화시장,126.8353182526,37.5479313783
"16944",마곡철교(가상),126.8370609260,37.5776923779
"16946",우장산월드메르디앙아파트,126.8379614608,37.5547179921
"16948",강서노인회관,126.8395233847,37.5545369250
"16950",롯데2차,126.8404944458,37.5544239307
"16951",김포공항국제선(1경기),126.8012108882,37.5653696865
"16952",발산어린이집,126.8415623491,37.5542996166
"16954",강서구민회관,126.8442390000,37.5528990000
"16955",방화3동주민센터,126.8137004598,37.5785123108
"16956",롯데3차APT,126.8464497104,37.5527548821
"16957",방화동삼익아파트,126.8132613831,37.5767991474
"16958",공영주차장,126.8478519417,37.5532503094
"16959",방화중학교(시외버스),126.8064706968,37.5638221983
"16960",강서구청입구,126.8499179689,37.5531139540
"16961",서광아파트,126.8196064030,37.5788720481
"16962",생태공원,126.8186261981,37.5834740241
"16963",등촌7단지,126.8529839006,37.5613391963
"16964",등촌10단지,126.8486513967,37.5615325673
"16965",등촌미주.진로아파트,126.8477364148,37.5599111999
"16966",등촌3동성당사거리,126.8456377336,37.5589733493
"16967",등촌5단지,126.8439166889,37.5591488806
"16968",공원앞,126.8417768931,37.5593706907
"16969",발산역.NC백화점,126.8395980000,37.5595810000
"16970",동우아트빌,126.8559672889,37.5366084400
"16971",태창아파트,126.8509378888,37.5378994658
"16975",강서농수산물도매시장,126.8179640291,37.5534556094
"16976",강서농수산물도매시장종점,126.8226291512,37.5544832634
"16977",등촌동주공9단지,126.8497397817,37.5629021698
"16978",등촌주공9단지,126.8499022338,37.5626952707
"16979",등촌동주공8단지,126.8513969050,37.5621095978
"16983",국립항공박물관,126.8078144632,37.5564317060
"16986",등촌주공8단지,126.8521262525,37.5616577156
"16987",대한항공화물청사,126.8134044074,37.5515706275
"16988",대한항공훈련센터,126.8131681924,37.5462923266
"16989",가양대교(가상),126.8586721847,37.5655595924
"16990",가양대교(가상),126.8585675459,37.5658478756
"16992",김포공항화물청사,126.8113346785,37.5534746508
"16993",김포공항세관.국립항공박물관,126.8083234200,37.5558548932
"16994",강원슈퍼,126.8570101270,37.5355321413
"16995",대한항공빌딩,126.8145856449,37.5507472601
"16996",대한항공,126.8165403235,37.5495993442
"16997",김포공항국제선,126.8009039624,37.5648136027
"19992",대한항공훈련센터,126.8122990904,37.5458875748
